[
{
"json":"states"
,"code":"WY"
,"name":"Wyoming"
,"latitude":42.9918024
,"longitude":-107.5419255
}
,{
"json":"states"
,"code":"PA"
,"name":"Pennsylvania"
,"latitude":40.9042486
,"longitude":-77.8280624
}
,{
"json":"states"
,"code":"OH"
,"name":"Ohio"
,"latitude":40.4149297
,"longitude":-82.7119975
}
,{
"json":"states"
,"code":"NM"
,"name":"New Mexico"
,"latitude":34.4391265
,"longitude":-106.1261511
}
,{
"json":"states"
,"code":"MD"
,"name":"Maryland"
,"latitude":38.9466584
,"longitude":-76.6744939
}
,{
"json":"states"
,"code":"RI"
,"name":"Rhode Island"
,"latitude":41.5978358
,"longitude":-71.5252895
}
,{
"json":"states"
,"code":"OR"
,"name":"Oregon"
,"latitude":43.9715225
,"longitude":-120.6226269
}
,{
"json":"states"
,"code":"PR"
,"name":"Puerto Rico"
,"latitude":18.217648
,"longitude":-66.4107992
}
,{
"json":"states"
,"code":"WI"
,"name":"Wisconsin"
,"latitude":44.628484
,"longitude":-89.7119299
}
,{
"json":"states"
,"code":"ND"
,"name":"North Dakota"
,"latitude":47.4569538
,"longitude":-100.4619304
}
,{
"json":"states"
,"code":"NV"
,"name":"Nevada"
,"latitude":39.3310928
,"longitude":-116.6151469
}
,{
"json":"states"
,"code":"GA"
,"name":"Georgia"
,"latitude":32.629384
,"longitude":-83.4232125
}
,{
"json":"states"
,"code":"NY"
,"name":"New York"
,"latitude":42.9133974
,"longitude":-75.5962723
}
,{
"json":"states"
,"code":"AR"
,"name":"Arkansas"
,"latitude":34.8955256
,"longitude":-92.4446262
}
,{
"json":"states"
,"code":"KS"
,"name":"Kansas"
,"latitude":38.4985464
,"longitude":-98.3834298
}
,{
"json":"states"
,"code":"NE"
,"name":"Nebraska"
,"latitude":41.5438105
,"longitude":-99.8123253
}
,{
"json":"states"
,"code":"UT"
,"name":"Utah"
,"latitude":39.3349735
,"longitude":-111.6563633
}
,{
"json":"states"
,"code":"AK"
,"name":"Alaska"
,"latitude":63.346191
,"longitude":-152.8370679
}
,{
"json":"states"
,"code":"MS"
,"name":"Mississippi"
,"latitude":32.6864655
,"longitude":-89.6561493
}
,{
"json":"states"
,"code":"OK"
,"name":"Oklahoma"
,"latitude":35.5894185
,"longitude":-97.4868683
}
,{
"json":"states"
,"code":"WV"
,"name":"West Virginia"
,"latitude":38.6472854
,"longitude":-80.6183274
}
,{
"json":"states"
,"code":"MI"
,"name":"Michigan"
,"latitude":44.8410835
,"longitude":-85.6593197
}
,{
"json":"states"
,"code":"CO"
,"name":"Colorado"
,"latitude":38.9935752
,"longitude":-105.5077737
}
,{
"json":"states"
,"code":"NJ"
,"name":"New Jersey"
,"latitude":40.1072744
,"longitude":-74.6652012
}
,{
"json":"states"
,"code":"DE"
,"name":"Delaware"
,"latitude":38.9935501
,"longitude":-75.4473739
}
,{
"json":"states"
,"code":"MT"
,"name":"Montana"
,"latitude":47.0511771
,"longitude":-109.6348174
}
,{
"json":"states"
,"code":"WA"
,"name":"Washington"
,"latitude":47.4162296
,"longitude":-120.5996231
}
,{
"json":"states"
,"code":"CT"
,"name":"Connecticut"
,"latitude":41.5797842
,"longitude":-72.7466666
}
,{
"json":"states"
,"code":"CA"
,"name":"California"
,"latitude":37.148573
,"longitude":-119.5406515
}
,{
"json":"states"
,"code":"KY"
,"name":"Kentucky"
,"latitude":37.5336807
,"longitude":-85.2929841
}
,{
"json":"states"
,"code":"MA"
,"name":"Massachusetts"
,"latitude":42.1565196
,"longitude":-71.4895915
}
,{
"json":"states"
,"code":"FL"
,"name":"Florida"
,"latitude":28.4574302
,"longitude":-82.4091478
}
,{
"json":"states"
,"code":"ID"
,"name":"Idaho"
,"latitude":44.3020948
,"longitude":-114.5956254
}
,{
"json":"states"
,"code":"MO"
,"name":"Missouri"
,"latitude":38.35075
,"longitude":-92.4567826
}
,{
"json":"states"
,"code":"HI"
,"name":"Hawaii"
,"latitude":19.809767
,"longitude":-155.5061027
}
,{
"json":"states"
,"code":"AL"
,"name":"Alabama"
,"latitude":32.7396323
,"longitude":-86.8434593
}
,{
"json":"states"
,"code":"SC"
,"name":"South Carolina"
,"latitude":33.8741769
,"longitude":-80.8542699
}
,{
"json":"states"
,"code":"NH"
,"name":"New Hampshire"
,"latitude":43.6708595
,"longitude":-71.5811278
}
,{
"json":"states"
,"code":"SD"
,"name":"South Dakota"
,"latitude":44.4467957
,"longitude":-100.2381762
}
,{
"json":"states"
,"code":"IL"
,"name":"Illinois"
,"latitude":40.1028754
,"longitude":-89.1526108
}
,{
"json":"states"
,"code":"TN"
,"name":"Tennessee"
,"latitude":35.8585639
,"longitude":-86.3493573
}
,{
"json":"states"
,"code":"IN"
,"name":"Indiana"
,"latitude":39.9030256
,"longitude":-86.2839503
}
,{
"json":"states"
,"code":"IA"
,"name":"Iowa"
,"latitude":42.0700243
,"longitude":-93.4933473
}
,{
"json":"states"
,"code":"AZ"
,"name":"Arizona"
,"latitude":34.2099643
,"longitude":-111.602401
}
,{
"json":"states"
,"code":"MN"
,"name":"Minnesota"
,"latitude":46.3161343
,"longitude":-94.1994801
}
,{
"json":"states"
,"code":"LA"
,"name":"Louisiana"
,"latitude":30.8577705
,"longitude":-91.803273
}
,{
"json":"states"
,"code":"DC"
,"name":"District of Columbia"
,"latitude":38.9041485
,"longitude":-77.0170942
}
,{
"json":"states"
,"code":"VA"
,"name":"Virginia"
,"latitude":37.5222512
,"longitude":-78.6681938
}
,{
"json":"states"
,"code":"TX"
,"name":"Texas"
,"latitude":31.4347032
,"longitude":-99.2818238
}
,{
"json":"states"
,"code":"VT"
,"name":"Vermont"
,"latitude":44.0605475
,"longitude":-72.673354
}
,{
"json":"states"
,"code":"ME"
,"name":"Maine"
,"latitude":45.3906022
,"longitude":-68.6574869
}
,{
"json":"states"
,"code":"NC"
,"name":"North Carolina"
,"latitude":35.53971
,"longitude":-79.1308636
}
]